"No.","Time","Source","Destination","Protocol","Length","Info","Packet payload length","TCP source port","TCP destination port","TCP flags","HTTP request"
"1","0.000000","127.0.0.1","239.255.255.250","UDP","684","60483  >  3702 Len=656","","","","",""
"2","0.000000","127.0.0.1","239.255.255.250","UDP","684","60483  >  3702 Len=656","","","","",""
"3","0.234000","127.0.0.1","239.255.255.250","UDP","684","60483  >  3702 Len=656","","","","",""
"4","0.234000","127.0.0.1","239.255.255.250","UDP","684","60483  >  3702 Len=656","","","","",""
"5","9.687617","127.0.0.1","239.255.255.250","SSDP","161","M-SEARCH * HTTP/1.1 ","","","","","M-SEARCH"
"6","9.687617","127.0.0.1","239.255.255.250","SSDP","161","M-SEARCH * HTTP/1.1 ","","","","","M-SEARCH"
"7","11.684421","0.0.0.0","255.255.255.255","DHCP","328","DHCP Discover - Transaction ID 0xb3ca509e","","","","",""
"8","11.965221","127.0.0.1","239.255.255.250","SSDP","161","M-SEARCH * HTTP/1.1 ","","","","","M-SEARCH"
"9","11.965221","127.0.0.1","239.255.255.250","SSDP","161","M-SEARCH * HTTP/1.1 ","","","","","M-SEARCH"
"10","12.698422","127.0.0.1","239.255.255.250","SSDP","161","M-SEARCH * HTTP/1.1 ","","","","","M-SEARCH"
"11","12.698422","127.0.0.1","239.255.255.250","SSDP","161","M-SEARCH * HTTP/1.1 ","","","","","M-SEARCH"
"12","13.494024","127.0.0.1","239.255.255.250","UDP","684","60483  >  3702 Len=656","","","","",""
"13","13.494024","127.0.0.1","239.255.255.250","UDP","684","60483  >  3702 Len=656","","","","",""
"14","13.618824","127.0.0.1","239.255.255.250","UDP","684","60483  >  3702 Len=656","","","","",""
"15","13.618824","127.0.0.1","239.255.255.250","UDP","684","60483  >  3702 Len=656","","","","",""
"16","14.976026","127.0.0.1","239.255.255.250","SSDP","161","M-SEARCH * HTTP/1.1 ","","","","","M-SEARCH"
"17","14.976026","127.0.0.1","239.255.255.250","SSDP","161","M-SEARCH * HTTP/1.1 ","","","","","M-SEARCH"
"18","15.693628","0.0.0.0","255.255.255.255","DHCP","328","DHCP Discover - Transaction ID 0xb3ca509e","","","","",""
"19","15.709228","127.0.0.1","239.255.255.250","SSDP","161","M-SEARCH * HTTP/1.1 ","","","","","M-SEARCH"
"20","15.709228","127.0.0.1","239.255.255.250","SSDP","161","M-SEARCH * HTTP/1.1 ","","","","","M-SEARCH"
"21","17.986832","127.0.0.1","239.255.255.250","SSDP","161","M-SEARCH * HTTP/1.1 ","","","","","M-SEARCH"
"22","17.986832","127.0.0.1","239.255.255.250","SSDP","161","M-SEARCH * HTTP/1.1 ","","","","","M-SEARCH"
"23","21.013237","127.0.0.1","239.255.255.250","SSDP","161","M-SEARCH * HTTP/1.1 ","","","","","M-SEARCH"
"24","21.013237","127.0.0.1","239.255.255.250","SSDP","161","M-SEARCH * HTTP/1.1 ","","","","","M-SEARCH"
"25","22.698040","0.0.0.0","255.255.255.255","DHCP","328","DHCP Discover - Transaction ID 0xb3ca509e","","","","",""
"26","24.024042","127.0.0.1","239.255.255.250","SSDP","161","M-SEARCH * HTTP/1.1 ","","","","","M-SEARCH"
"27","24.024042","127.0.0.1","239.255.255.250","SSDP","161","M-SEARCH * HTTP/1.1 ","","","","","M-SEARCH"
"28","27.034847","127.0.0.1","239.255.255.250","SSDP","161","M-SEARCH * HTTP/1.1 ","","","","","M-SEARCH"
"29","27.034847","127.0.0.1","239.255.255.250","SSDP","161","M-SEARCH * HTTP/1.1 ","","","","","M-SEARCH"
"30","38.703668","0.0.0.0","255.255.255.255","DHCP","328","DHCP Discover - Transaction ID 0xb3ca509e","","","","",""
"31","48.843686","127.0.0.1","239.255.255.250","UDP","684","60483  >  3702 Len=656","","","","",""
"32","48.843686","127.0.0.1","239.255.255.250","UDP","684","60483  >  3702 Len=656","","","","",""
"33","49.093286","127.0.0.1","239.255.255.250","UDP","684","60483  >  3702 Len=656","","","","",""
"34","49.093286","127.0.0.1","239.255.255.250","UDP","684","60483  >  3702 Len=656","","","","",""
"35","70.995725","127.0.0.1","239.255.255.250","SSDP","161","M-SEARCH * HTTP/1.1 ","","","","","M-SEARCH"
"36","70.995725","127.0.0.1","239.255.255.250","SSDP","161","M-SEARCH * HTTP/1.1 ","","","","","M-SEARCH"
"37","74.006530","127.0.0.1","239.255.255.250","SSDP","161","M-SEARCH * HTTP/1.1 ","","","","","M-SEARCH"
"38","74.006530","127.0.0.1","239.255.255.250","SSDP","161","M-SEARCH * HTTP/1.1 ","","","","","M-SEARCH"
"39","77.017335","127.0.0.1","239.255.255.250","SSDP","161","M-SEARCH * HTTP/1.1 ","","","","","M-SEARCH"
"40","77.017335","127.0.0.1","239.255.255.250","SSDP","161","M-SEARCH * HTTP/1.1 ","","","","","M-SEARCH"
"41","80.043741","127.0.0.1","239.255.255.250","SSDP","161","M-SEARCH * HTTP/1.1 ","","","","","M-SEARCH"
"42","80.043741","127.0.0.1","239.255.255.250","SSDP","161","M-SEARCH * HTTP/1.1 ","","","","","M-SEARCH"
"43","83.054546","127.0.0.1","239.255.255.250","SSDP","161","M-SEARCH * HTTP/1.1 ","","","","","M-SEARCH"
"44","83.054546","127.0.0.1","239.255.255.250","SSDP","161","M-SEARCH * HTTP/1.1 ","","","","","M-SEARCH"
"45","86.065351","127.0.0.1","239.255.255.250","SSDP","161","M-SEARCH * HTTP/1.1 ","","","","","M-SEARCH"
"46","86.065351","127.0.0.1","239.255.255.250","SSDP","161","M-SEARCH * HTTP/1.1 ","","","","","M-SEARCH"
"47","364.806641","127.0.0.1","239.255.255.250","SSDP","523","NOTIFY * HTTP/1.1 ","","","","","NOTIFY"
"48","364.806641","127.0.0.1","239.255.255.250","SSDP","523","NOTIFY * HTTP/1.1 ","","","","","NOTIFY"
"49","364.806641","127.0.0.1","239.255.255.250","SSDP","459","NOTIFY * HTTP/1.1 ","","","","","NOTIFY"
"50","364.806641","127.0.0.1","239.255.255.250","SSDP","459","NOTIFY * HTTP/1.1 ","","","","","NOTIFY"
"51","364.806641","127.0.0.1","239.255.255.250","SSDP","511","NOTIFY * HTTP/1.1 ","","","","","NOTIFY"
"52","364.806641","127.0.0.1","239.255.255.250","SSDP","511","NOTIFY * HTTP/1.1 ","","","","","NOTIFY"
"53","364.806641","127.0.0.1","239.255.255.250","SSDP","525","NOTIFY * HTTP/1.1 ","","","","","NOTIFY"
"54","364.806641","127.0.0.1","239.255.255.250","SSDP","525","NOTIFY * HTTP/1.1 ","","","","","NOTIFY"
"55","364.806641","127.0.0.1","239.255.255.250","SSDP","539","NOTIFY * HTTP/1.1 ","","","","","NOTIFY"
"56","364.806641","127.0.0.1","239.255.255.250","SSDP","539","NOTIFY * HTTP/1.1 ","","","","","NOTIFY"
"57","364.806641","127.0.0.1","239.255.255.250","SSDP","468","NOTIFY * HTTP/1.1 ","","","","","NOTIFY"
"58","364.806641","127.0.0.1","239.255.255.250","SSDP","468","NOTIFY * HTTP/1.1 ","","","","","NOTIFY"
"59","367.817446","127.0.0.1","239.255.255.250","SSDP","468","NOTIFY * HTTP/1.1 ","","","","","NOTIFY"
"60","367.817446","127.0.0.1","239.255.255.250","SSDP","468","NOTIFY * HTTP/1.1 ","","","","","NOTIFY"
"61","367.817446","127.0.0.1","239.255.255.250","SSDP","539","NOTIFY * HTTP/1.1 ","","","","","NOTIFY"
"62","367.817446","127.0.0.1","239.255.255.250","SSDP","539","NOTIFY * HTTP/1.1 ","","","","","NOTIFY"
"63","367.817446","127.0.0.1","239.255.255.250","SSDP","525","NOTIFY * HTTP/1.1 ","","","","","NOTIFY"
"64","367.817446","127.0.0.1","239.255.255.250","SSDP","525","NOTIFY * HTTP/1.1 ","","","","","NOTIFY"
"65","367.817446","127.0.0.1","239.255.255.250","SSDP","459","NOTIFY * HTTP/1.1 ","","","","","NOTIFY"
"66","367.817446","127.0.0.1","239.255.255.250","SSDP","459","NOTIFY * HTTP/1.1 ","","","","","NOTIFY"
"67","367.817446","127.0.0.1","239.255.255.250","SSDP","523","NOTIFY * HTTP/1.1 ","","","","","NOTIFY"
"68","367.817446","127.0.0.1","239.255.255.250","SSDP","523","NOTIFY * HTTP/1.1 ","","","","","NOTIFY"
"69","367.817446","127.0.0.1","239.255.255.250","SSDP","511","NOTIFY * HTTP/1.1 ","","","","","NOTIFY"
"70","367.817446","127.0.0.1","239.255.255.250","SSDP","511","NOTIFY * HTTP/1.1 ","","","","","NOTIFY"
"71","370.828251","127.0.0.1","239.255.255.250","SSDP","523","NOTIFY * HTTP/1.1 ","","","","","NOTIFY"
"72","370.828251","127.0.0.1","239.255.255.250","SSDP","523","NOTIFY * HTTP/1.1 ","","","","","NOTIFY"
"73","370.828251","127.0.0.1","239.255.255.250","SSDP","468","NOTIFY * HTTP/1.1 ","","","","","NOTIFY"
"74","370.828251","127.0.0.1","239.255.255.250","SSDP","468","NOTIFY * HTTP/1.1 ","","","","","NOTIFY"
"75","370.828251","127.0.0.1","239.255.255.250","SSDP","459","NOTIFY * HTTP/1.1 ","","","","","NOTIFY"
"76","370.828251","127.0.0.1","239.255.255.250","SSDP","459","NOTIFY * HTTP/1.1 ","","","","","NOTIFY"
"77","370.828251","127.0.0.1","239.255.255.250","SSDP","511","NOTIFY * HTTP/1.1 ","","","","","NOTIFY"
"78","370.828251","127.0.0.1","239.255.255.250","SSDP","511","NOTIFY * HTTP/1.1 ","","","","","NOTIFY"
"79","370.828251","127.0.0.1","239.255.255.250","SSDP","525","NOTIFY * HTTP/1.1 ","","","","","NOTIFY"
"80","370.828251","127.0.0.1","239.255.255.250","SSDP","525","NOTIFY * HTTP/1.1 ","","","","","NOTIFY"
"81","370.828251","127.0.0.1","239.255.255.250","SSDP","539","NOTIFY * HTTP/1.1 ","","","","","NOTIFY"
"82","370.828251","127.0.0.1","239.255.255.250","SSDP","539","NOTIFY * HTTP/1.1 ","","","","","NOTIFY"
"83","375.726660","0.0.0.0","255.255.255.255","DHCP","328","DHCP Discover - Transaction ID 0xc93a498d","","","","",""
"84","379.735867","0.0.0.0","255.255.255.255","DHCP","328","DHCP Discover - Transaction ID 0xc93a498d","","","","",""
"85","387.738681","0.0.0.0","255.255.255.255","DHCP","328","DHCP Discover - Transaction ID 0xc93a498d","","","","",""
"86","403.744309","0.0.0.0","255.255.255.255","DHCP","328","DHCP Discover - Transaction ID 0xc93a498d","","","","",""
"87","434.757164","0.0.0.0","255.255.255.255","DHCP","328","DHCP Discover - Transaction ID 0xa429e498","","","","",""
"88","435.037964","127.0.0.1","239.255.255.250","SSDP","161","M-SEARCH * HTTP/1.1 ","","","","","M-SEARCH"
"89","435.037964","127.0.0.1","239.255.255.250","SSDP","161","M-SEARCH * HTTP/1.1 ","","","","","M-SEARCH"
"90","438.048769","127.0.0.1","239.255.255.250","SSDP","161","M-SEARCH * HTTP/1.1 ","","","","","M-SEARCH"
"91","438.048769","127.0.0.1","239.255.255.250","SSDP","161","M-SEARCH * HTTP/1.1 ","","","","","M-SEARCH"
"92","438.766371","0.0.0.0","255.255.255.255","DHCP","328","DHCP Discover - Transaction ID 0xa429e498","","","","",""
"93","441.059575","127.0.0.1","239.255.255.250","SSDP","161","M-SEARCH * HTTP/1.1 ","","","","","M-SEARCH"
"94","441.059575","127.0.0.1","239.255.255.250","SSDP","161","M-SEARCH * HTTP/1.1 ","","","","","M-SEARCH"
"95","444.085980","127.0.0.1","239.255.255.250","SSDP","161","M-SEARCH * HTTP/1.1 ","","","","","M-SEARCH"
"96","444.085980","127.0.0.1","239.255.255.250","SSDP","161","M-SEARCH * HTTP/1.1 ","","","","","M-SEARCH"
"97","447.096785","127.0.0.1","239.255.255.250","SSDP","161","M-SEARCH * HTTP/1.1 ","","","","","M-SEARCH"
"98","447.096785","127.0.0.1","239.255.255.250","SSDP","161","M-SEARCH * HTTP/1.1 ","","","","","M-SEARCH"
"99","447.767586","0.0.0.0","255.255.255.255","DHCP","328","DHCP Discover - Transaction ID 0xa429e498","","","","",""
"100","450.107591","127.0.0.1","239.255.255.250","SSDP","161","M-SEARCH * HTTP/1.1 ","","","","","M-SEARCH"
"101","450.107591","127.0.0.1","239.255.255.250","SSDP","161","M-SEARCH * HTTP/1.1 ","","","","","M-SEARCH"
"102","464.771616","0.0.0.0","255.255.255.255","DHCP","328","DHCP Discover - Transaction ID 0xa429e498","","","","",""
"103","467.798022","192.168.1.25","255.255.255.255","DHCP","328","DHCP Inform   - Transaction ID 0x23f73de4","","","","",""
"104","470.808827","192.168.1.25","255.255.255.255","DHCP","328","DHCP Inform   - Transaction ID 0x23f73de4","","","","",""
"105","497.063673","127.0.0.1","239.255.255.250","SSDP","161","M-SEARCH * HTTP/1.1 ","","","","","M-SEARCH"
"106","497.063673","127.0.0.1","239.255.255.250","SSDP","161","M-SEARCH * HTTP/1.1 ","","","","","M-SEARCH"
"107","500.074478","127.0.0.1","239.255.255.250","SSDP","161","M-SEARCH * HTTP/1.1 ","","","","","M-SEARCH"
"108","500.074478","127.0.0.1","239.255.255.250","SSDP","161","M-SEARCH * HTTP/1.1 ","","","","","M-SEARCH"
"109","503.085284","127.0.0.1","239.255.255.250","SSDP","161","M-SEARCH * HTTP/1.1 ","","","","","M-SEARCH"
"110","503.085284","127.0.0.1","239.255.255.250","SSDP","161","M-SEARCH * HTTP/1.1 ","","","","","M-SEARCH"
"111","506.111689","127.0.0.1","239.255.255.250","SSDP","161","M-SEARCH * HTTP/1.1 ","","","","","M-SEARCH"
"112","506.111689","127.0.0.1","239.255.255.250","SSDP","161","M-SEARCH * HTTP/1.1 ","","","","","M-SEARCH"
"113","509.122494","127.0.0.1","239.255.255.250","SSDP","161","M-SEARCH * HTTP/1.1 ","","","","","M-SEARCH"
"114","509.122494","127.0.0.1","239.255.255.250","SSDP","161","M-SEARCH * HTTP/1.1 ","","","","","M-SEARCH"
"115","512.133299","127.0.0.1","239.255.255.250","SSDP","161","M-SEARCH * HTTP/1.1 ","","","","","M-SEARCH"
"116","512.133299","127.0.0.1","239.255.255.250","SSDP","161","M-SEARCH * HTTP/1.1 ","","","","","M-SEARCH"
"117","555.516976","192.168.1.25","255.255.255.255","DHCP","328","DHCP Inform   - Transaction ID 0xde050ddc","","","","",""
"118","558.527781","192.168.1.25","255.255.255.255","DHCP","328","DHCP Inform   - Transaction ID 0xde050ddc","","","","",""
"119","580.336619","192.168.1.26","255.255.255.255","DHCP","328","DHCP Inform   - Transaction ID 0xd8b9812d","","","","",""
"120","583.300624","192.168.1.26","255.255.255.255","DHCP","328","DHCP Inform   - Transaction ID 0xd8b9812d","","","","",""
"121","766.444946","192.168.1.25","255.255.255.255","DHCP","328","DHCP Inform   - Transaction ID 0x8e74577","","","","",""
"122","769.455751","192.168.1.25","255.255.255.255","DHCP","328","DHCP Inform   - Transaction ID 0x8e74577","","","","",""
"123","808.830221","127.0.0.1","239.255.255.250","SSDP","459","NOTIFY * HTTP/1.1 ","","","","","NOTIFY"
"124","808.830221","127.0.0.1","239.255.255.250","SSDP","459","NOTIFY * HTTP/1.1 ","","","","","NOTIFY"
"125","808.830221","127.0.0.1","239.255.255.250","SSDP","539","NOTIFY * HTTP/1.1 ","","","","","NOTIFY"
"126","808.830221","127.0.0.1","239.255.255.250","SSDP","539","NOTIFY * HTTP/1.1 ","","","","","NOTIFY"
"127","808.830221","127.0.0.1","239.255.255.250","SSDP","523","NOTIFY * HTTP/1.1 ","","","","","NOTIFY"
"128","808.830221","127.0.0.1","239.255.255.250","SSDP","523","NOTIFY * HTTP/1.1 ","","","","","NOTIFY"
"129","808.830221","127.0.0.1","239.255.255.250","SSDP","468","NOTIFY * HTTP/1.1 ","","","","","NOTIFY"
"130","808.830221","127.0.0.1","239.255.255.250","SSDP","468","NOTIFY * HTTP/1.1 ","","","","","NOTIFY"
"131","808.830221","127.0.0.1","239.255.255.250","SSDP","525","NOTIFY * HTTP/1.1 ","","","","","NOTIFY"
"132","808.830221","127.0.0.1","239.255.255.250","SSDP","525","NOTIFY * HTTP/1.1 ","","","","","NOTIFY"
"133","808.830221","127.0.0.1","239.255.255.250","SSDP","511","NOTIFY * HTTP/1.1 ","","","","","NOTIFY"
"134","808.830221","127.0.0.1","239.255.255.250","SSDP","511","NOTIFY * HTTP/1.1 ","","","","","NOTIFY"
"135","811.841026","127.0.0.1","239.255.255.250","SSDP","511","NOTIFY * HTTP/1.1 ","","","","","NOTIFY"
"136","811.841026","127.0.0.1","239.255.255.250","SSDP","511","NOTIFY * HTTP/1.1 ","","","","","NOTIFY"
"137","811.841026","127.0.0.1","239.255.255.250","SSDP","523","NOTIFY * HTTP/1.1 ","","","","","NOTIFY"
"138","811.841026","127.0.0.1","239.255.255.250","SSDP","523","NOTIFY * HTTP/1.1 ","","","","","NOTIFY"
"139","811.841026","127.0.0.1","239.255.255.250","SSDP","525","NOTIFY * HTTP/1.1 ","","","","","NOTIFY"
"140","811.841026","127.0.0.1","239.255.255.250","SSDP","525","NOTIFY * HTTP/1.1 ","","","","","NOTIFY"
"141","811.841026","127.0.0.1","239.255.255.250","SSDP","468","NOTIFY * HTTP/1.1 ","","","","","NOTIFY"
"142","811.841026","127.0.0.1","239.255.255.250","SSDP","468","NOTIFY * HTTP/1.1 ","","","","","NOTIFY"
"143","811.841026","127.0.0.1","239.255.255.250","SSDP","459","NOTIFY * HTTP/1.1 ","","","","","NOTIFY"
"144","811.841026","127.0.0.1","239.255.255.250","SSDP","459","NOTIFY * HTTP/1.1 ","","","","","NOTIFY"
"145","811.841026","127.0.0.1","239.255.255.250","SSDP","539","NOTIFY * HTTP/1.1 ","","","","","NOTIFY"
"146","811.841026","127.0.0.1","239.255.255.250","SSDP","539","NOTIFY * HTTP/1.1 ","","","","","NOTIFY"
"147","814.851831","127.0.0.1","239.255.255.250","SSDP","459","NOTIFY * HTTP/1.1 ","","","","","NOTIFY"
"148","814.851831","127.0.0.1","239.255.255.250","SSDP","459","NOTIFY * HTTP/1.1 ","","","","","NOTIFY"
"149","814.851831","127.0.0.1","239.255.255.250","SSDP","511","NOTIFY * HTTP/1.1 ","","","","","NOTIFY"
"150","814.851831","127.0.0.1","239.255.255.250","SSDP","511","NOTIFY * HTTP/1.1 ","","","","","NOTIFY"
"151","814.851831","127.0.0.1","239.255.255.250","SSDP","539","NOTIFY * HTTP/1.1 ","","","","","NOTIFY"
"152","814.851831","127.0.0.1","239.255.255.250","SSDP","539","NOTIFY * HTTP/1.1 ","","","","","NOTIFY"
"153","814.851831","127.0.0.1","239.255.255.250","SSDP","468","NOTIFY * HTTP/1.1 ","","","","","NOTIFY"
"154","814.851831","127.0.0.1","239.255.255.250","SSDP","468","NOTIFY * HTTP/1.1 ","","","","","NOTIFY"
"155","814.851831","127.0.0.1","239.255.255.250","SSDP","525","NOTIFY * HTTP/1.1 ","","","","","NOTIFY"
"156","814.851831","127.0.0.1","239.255.255.250","SSDP","525","NOTIFY * HTTP/1.1 ","","","","","NOTIFY"
"157","814.851831","127.0.0.1","239.255.255.250","SSDP","523","NOTIFY * HTTP/1.1 ","","","","","NOTIFY"
"158","814.851831","127.0.0.1","239.255.255.250","SSDP","523","NOTIFY * HTTP/1.1 ","","","","","NOTIFY"
"159","822.792245","0.0.0.0","255.255.255.255","DHCP","328","DHCP Discover - Transaction ID 0x7818846e","","","","",""
"160","826.801452","0.0.0.0","255.255.255.255","DHCP","328","DHCP Discover - Transaction ID 0x7818846e","","","","",""
"161","833.805864","0.0.0.0","255.255.255.255","DHCP","328","DHCP Discover - Transaction ID 0x7818846e","","","","",""
"162","848.813091","0.0.0.0","255.255.255.255","DHCP","328","DHCP Discover - Transaction ID 0x7818846e","","","","",""
"163","880.824347","0.0.0.0","255.255.255.255","DHCP","328","DHCP Discover - Transaction ID 0xe60e1cf6","","","","",""
"164","881.105148","127.0.0.1","239.255.255.250","SSDP","161","M-SEARCH * HTTP/1.1 ","","","","","M-SEARCH"
"165","881.105148","127.0.0.1","239.255.255.250","SSDP","161","M-SEARCH * HTTP/1.1 ","","","","","M-SEARCH"
"166","884.115953","127.0.0.1","239.255.255.250","SSDP","161","M-SEARCH * HTTP/1.1 ","","","","","M-SEARCH"
"167","884.115953","127.0.0.1","239.255.255.250","SSDP","161","M-SEARCH * HTTP/1.1 ","","","","","M-SEARCH"
"168","885.831956","0.0.0.0","255.255.255.255","DHCP","328","DHCP Discover - Transaction ID 0xe60e1cf6","","","","",""
"169","887.126758","127.0.0.1","239.255.255.250","SSDP","161","M-SEARCH * HTTP/1.1 ","","","","","M-SEARCH"
"170","887.126758","127.0.0.1","239.255.255.250","SSDP","161","M-SEARCH * HTTP/1.1 ","","","","","M-SEARCH"
"171","890.153163","127.0.0.1","239.255.255.250","SSDP","161","M-SEARCH * HTTP/1.1 ","","","","","M-SEARCH"
"172","890.153163","127.0.0.1","239.255.255.250","SSDP","161","M-SEARCH * HTTP/1.1 ","","","","","M-SEARCH"
"173","893.163969","127.0.0.1","239.255.255.250","SSDP","161","M-SEARCH * HTTP/1.1 ","","","","","M-SEARCH"
"174","893.163969","127.0.0.1","239.255.255.250","SSDP","161","M-SEARCH * HTTP/1.1 ","","","","","M-SEARCH"
"175","893.834770","0.0.0.0","255.255.255.255","DHCP","328","DHCP Discover - Transaction ID 0xe60e1cf6","","","","",""
"176","896.174774","127.0.0.1","239.255.255.250","SSDP","161","M-SEARCH * HTTP/1.1 ","","","","","M-SEARCH"
"177","896.174774","127.0.0.1","239.255.255.250","SSDP","161","M-SEARCH * HTTP/1.1 ","","","","","M-SEARCH"
"178","908.841996","0.0.0.0","255.255.255.255","DHCP","328","DHCP Discover - Transaction ID 0xe60e1cf6","","","","",""
"179","942.132455","127.0.0.1","239.255.255.250","SSDP","161","M-SEARCH * HTTP/1.1 ","","","","","M-SEARCH"
"180","942.132455","127.0.0.1","239.255.255.250","SSDP","161","M-SEARCH * HTTP/1.1 ","","","","","M-SEARCH"
"181","945.143260","127.0.0.1","239.255.255.250","SSDP","161","M-SEARCH * HTTP/1.1 ","","","","","M-SEARCH"
"182","945.143260","127.0.0.1","239.255.255.250","SSDP","161","M-SEARCH * HTTP/1.1 ","","","","","M-SEARCH"
"183","948.154065","127.0.0.1","239.255.255.250","SSDP","161","M-SEARCH * HTTP/1.1 ","","","","","M-SEARCH"
"184","948.154065","127.0.0.1","239.255.255.250","SSDP","161","M-SEARCH * HTTP/1.1 ","","","","","M-SEARCH"
"185","951.180471","127.0.0.1","239.255.255.250","SSDP","161","M-SEARCH * HTTP/1.1 ","","","","","M-SEARCH"
"186","951.180471","127.0.0.1","239.255.255.250","SSDP","161","M-SEARCH * HTTP/1.1 ","","","","","M-SEARCH"
"187","954.191276","127.0.0.1","239.255.255.250","SSDP","161","M-SEARCH * HTTP/1.1 ","","","","","M-SEARCH"
"188","954.191276","127.0.0.1","239.255.255.250","SSDP","161","M-SEARCH * HTTP/1.1 ","","","","","M-SEARCH"
"189","957.202081","127.0.0.1","239.255.255.250","SSDP","161","M-SEARCH * HTTP/1.1 ","","","","","M-SEARCH"
"190","957.202081","127.0.0.1","239.255.255.250","SSDP","161","M-SEARCH * HTTP/1.1 ","","","","","M-SEARCH"
"191","1087.212710","127.0.0.1","127.0.0.1","TCP","52","49875  >  3306 [SYN] Seq=0 Win=8192 Len=0 MSS=65495 WS=256 SACK_PERM=1","0","49875","3306","0x002",""
"192","1087.212710","127.0.0.1","127.0.0.1","TCP","52","3306  >  49875 [SYN, ACK] Seq=0 Ack=1 Win=8192 Len=0 MSS=65495 WS=256 SACK_PERM=1","0","3306","49875","0x012",""
"193","1087.212710","127.0.0.1","127.0.0.1","TCP","40","49875  >  3306 [ACK] Seq=1 Ack=1 Win=8192 Len=0","0","49875","3306","0x010",""
"194","1087.212710","127.0.0.1","127.0.0.1","MySQL","118","Server Greeting proto=10 version=5.6.20","78","3306","49875","0x018",""
"195","1087.212710","127.0.0.1","127.0.0.1","TCP","40","49875  >  3306 [ACK] Seq=1 Ack=79 Win=7936 Len=0","0","49875","3306","0x010",""
"196","1087.228310","127.0.0.1","127.0.0.1","MySQL","127","Login Request user=root","87","49875","3306","0x018",""
"197","1087.228310","127.0.0.1","127.0.0.1","TCP","40","3306  >  49875 [ACK] Seq=79 Ack=88 Win=7936 Len=0","0","3306","49875","0x010",""
"198","1087.228310","127.0.0.1","127.0.0.1","MySQL","88","Auth Switch Request","48","3306","49875","0x018",""
"199","1087.228310","127.0.0.1","127.0.0.1","TCP","40","49875  >  3306 [ACK] Seq=88 Ack=127 Win=7936 Len=0","0","49875","3306","0x010",""
"200","1087.228310","127.0.0.1","127.0.0.1","MySQL","44","Auth Switch Response","4","49875","3306","0x018",""
"201","1087.228310","127.0.0.1","127.0.0.1","TCP","40","3306  >  49875 [ACK] Seq=127 Ack=92 Win=7936 Len=0","0","3306","49875","0x010",""
"202","1087.228310","127.0.0.1","127.0.0.1","MySQL","51","Response OK","11","3306","49875","0x018",""
"203","1087.228310","127.0.0.1","127.0.0.1","TCP","40","49875  >  3306 [ACK] Seq=92 Ack=138 Win=7936 Len=0","0","49875","3306","0x010",""
"204","1087.228310","127.0.0.1","127.0.0.1","MySQL","47","Request Set Option","7","49875","3306","0x018",""
"205","1087.228310","127.0.0.1","127.0.0.1","TCP","40","3306  >  49875 [ACK] Seq=138 Ack=99 Win=7936 Len=0","0","3306","49875","0x010",""
"206","1087.228310","127.0.0.1","127.0.0.1","MySQL","49","Response","9","3306","49875","0x018",""
"207","1087.228310","127.0.0.1","127.0.0.1","TCP","40","49875  >  3306 [ACK] Seq=99 Ack=147 Win=7936 Len=0","0","49875","3306","0x010",""
"208","1087.228310","127.0.0.1","127.0.0.1","MySQL","87","Request Query","47","49875","3306","0x018",""
"209","1087.228310","127.0.0.1","127.0.0.1","TCP","40","3306  >  49875 [ACK] Seq=147 Ack=146 Win=7936 Len=0","0","3306","49875","0x010",""
"210","1087.228310","127.0.0.1","127.0.0.1","MySQL","51","Response OK","11","3306","49875","0x018",""
"211","1087.228310","127.0.0.1","127.0.0.1","TCP","40","49875  >  3306 [ACK] Seq=146 Ack=158 Win=7936 Len=0","0","49875","3306","0x010",""
"212","1087.228310","127.0.0.1","127.0.0.1","MySQL","49","Request Use Database","9","49875","3306","0x018",""
"213","1087.228310","127.0.0.1","127.0.0.1","TCP","40","3306  >  49875 [ACK] Seq=158 Ack=155 Win=7936 Len=0","0","3306","49875","0x010",""
"214","1087.228310","127.0.0.1","127.0.0.1","MySQL","51","Response OK","11","3306","49875","0x018",""
"215","1087.228310","127.0.0.1","127.0.0.1","TCP","40","49875  >  3306 [ACK] Seq=155 Ack=169 Win=7936 Len=0","0","49875","3306","0x010",""
"216","1087.228310","127.0.0.1","127.0.0.1","MySQL","106","Request Query","66","49875","3306","0x018",""
"217","1087.228310","127.0.0.1","127.0.0.1","TCP","40","3306  >  49875 [ACK] Seq=169 Ack=221 Win=7936 Len=0","0","3306","49875","0x010",""
"218","1087.290710","127.0.0.1","127.0.0.1","MySQL","109","Response","69","3306","49875","0x018",""
"219","1087.290710","127.0.0.1","127.0.0.1","TCP","40","49875  >  3306 [ACK] Seq=221 Ack=238 Win=7936 Len=0","0","49875","3306","0x010",""
"220","1087.290710","127.0.0.1","127.0.0.1","MySQL","944","Request Query","904","49875","3306","0x018",""
"221","1087.290710","127.0.0.1","127.0.0.1","TCP","40","3306  >  49875 [ACK] Seq=238 Ack=1125 Win=6912 Len=0","0","3306","49875","0x010",""
"222","1087.290710","127.0.0.1","127.0.0.1","MySQL","51","Response OK","11","3306","49875","0x018",""
"223","1087.290710","127.0.0.1","127.0.0.1","TCP","40","49875  >  3306 [ACK] Seq=1125 Ack=249 Win=7936 Len=0","0","49875","3306","0x010",""
"224","1087.290710","127.0.0.1","127.0.0.1","MySQL","537","Request Query","497","49875","3306","0x018",""
"225","1087.290710","127.0.0.1","127.0.0.1","TCP","40","3306  >  49875 [ACK] Seq=249 Ack=1622 Win=8192 Len=0","0","3306","49875","0x010",""
"226","1087.290710","127.0.0.1","127.0.0.1","MySQL","357","Response","317","3306","49875","0x018",""
"227","1087.290710","127.0.0.1","127.0.0.1","TCP","40","49875  >  3306 [ACK] Seq=1622 Ack=566 Win=7424 Len=0","0","49875","3306","0x010",""
"228","1087.290710","127.0.0.1","127.0.0.1","MySQL","45","Request Quit","5","49875","3306","0x018",""
"229","1087.290710","127.0.0.1","127.0.0.1","TCP","40","3306  >  49875 [ACK] Seq=566 Ack=1627 Win=7936 Len=0","0","3306","49875","0x010",""
"230","1087.290710","127.0.0.1","127.0.0.1","TCP","40","3306  >  49875 [FIN, ACK] Seq=566 Ack=1627 Win=7936 Len=0","0","3306","49875","0x011",""
"231","1087.290710","127.0.0.1","127.0.0.1","TCP","40","49875  >  3306 [FIN, ACK] Seq=1627 Ack=567 Win=7424 Len=0","0","49875","3306","0x011",""
"232","1087.290710","127.0.0.1","127.0.0.1","TCP","40","3306  >  49875 [ACK] Seq=567 Ack=1628 Win=7936 Len=0","0","3306","49875","0x010",""
"233","1122.624772","127.0.0.1","239.255.255.250","SSDP","153","M-SEARCH * HTTP/1.1 ","","","","","M-SEARCH"
"234","1122.624772","127.0.0.1","239.255.255.250","SSDP","153","M-SEARCH * HTTP/1.1 ","","","","","M-SEARCH"
"235","1122.624772","127.0.0.1","239.255.255.250","SSDP","151","M-SEARCH * HTTP/1.1 ","","","","","M-SEARCH"
"236","1122.624772","127.0.0.1","239.255.255.250","SSDP","151","M-SEARCH * HTTP/1.1 ","","","","","M-SEARCH"
"237","1124.621575","127.0.0.1","127.0.0.1","SSDP","472","HTTP/1.1 200 OK ","","","","",""
"238","1125.635577","127.0.0.1","239.255.255.250","SSDP","151","M-SEARCH * HTTP/1.1 ","","","","","M-SEARCH"
"239","1125.635577","127.0.0.1","239.255.255.250","SSDP","151","M-SEARCH * HTTP/1.1 ","","","","","M-SEARCH"
"240","1125.635577","127.0.0.1","239.255.255.250","SSDP","153","M-SEARCH * HTTP/1.1 ","","","","","M-SEARCH"
"241","1125.635577","127.0.0.1","239.255.255.250","SSDP","153","M-SEARCH * HTTP/1.1 ","","","","","M-SEARCH"
"242","1127.211180","127.0.0.1","127.0.0.1","SSDP","472","HTTP/1.1 200 OK ","","","","",""
"243","1128.646382","127.0.0.1","239.255.255.250","SSDP","151","M-SEARCH * HTTP/1.1 ","","","","","M-SEARCH"
"244","1128.646382","127.0.0.1","239.255.255.250","SSDP","151","M-SEARCH * HTTP/1.1 ","","","","","M-SEARCH"
"245","1128.646382","127.0.0.1","239.255.255.250","SSDP","153","M-SEARCH * HTTP/1.1 ","","","","","M-SEARCH"
"246","1128.646382","127.0.0.1","239.255.255.250","SSDP","153","M-SEARCH * HTTP/1.1 ","","","","","M-SEARCH"
"247","1130.190785","127.0.0.1","127.0.0.1","SSDP","472","HTTP/1.1 200 OK ","","","","",""
"248","1252.853801","127.0.0.1","239.255.255.250","SSDP","525","NOTIFY * HTTP/1.1 ","","","","","NOTIFY"
"249","1252.853801","127.0.0.1","239.255.255.250","SSDP","525","NOTIFY * HTTP/1.1 ","","","","","NOTIFY"
"250","1252.853801","127.0.0.1","239.255.255.250","SSDP","459","NOTIFY * HTTP/1.1 ","","","","","NOTIFY"
"251","1252.853801","127.0.0.1","239.255.255.250","SSDP","459","NOTIFY * HTTP/1.1 ","","","","","NOTIFY"
"252","1252.853801","127.0.0.1","239.255.255.250","SSDP","523","NOTIFY * HTTP/1.1 ","","","","","NOTIFY"
"253","1252.853801","127.0.0.1","239.255.255.250","SSDP","523","NOTIFY * HTTP/1.1 ","","","","","NOTIFY"
"254","1252.853801","127.0.0.1","239.255.255.250","SSDP","468","NOTIFY * HTTP/1.1 ","","","","","NOTIFY"
"255","1252.853801","127.0.0.1","239.255.255.250","SSDP","468","NOTIFY * HTTP/1.1 ","","","","","NOTIFY"
"256","1252.853801","127.0.0.1","239.255.255.250","SSDP","539","NOTIFY * HTTP/1.1 ","","","","","NOTIFY"
"257","1252.853801","127.0.0.1","239.255.255.250","SSDP","539","NOTIFY * HTTP/1.1 ","","","","","NOTIFY"
"258","1252.853801","127.0.0.1","239.255.255.250","SSDP","511","NOTIFY * HTTP/1.1 ","","","","","NOTIFY"
"259","1252.853801","127.0.0.1","239.255.255.250","SSDP","511","NOTIFY * HTTP/1.1 ","","","","","NOTIFY"
"260","1253.852202","0.0.0.0","255.255.255.255","DHCP","328","DHCP Discover - Transaction ID 0xc426ce74","","","","",""
"261","1255.864606","127.0.0.1","239.255.255.250","SSDP","539","NOTIFY * HTTP/1.1 ","","","","","NOTIFY"
"262","1255.864606","127.0.0.1","239.255.255.250","SSDP","539","NOTIFY * HTTP/1.1 ","","","","","NOTIFY"
"263","1255.864606","127.0.0.1","239.255.255.250","SSDP","468","NOTIFY * HTTP/1.1 ","","","","","NOTIFY"
"264","1255.864606","127.0.0.1","239.255.255.250","SSDP","468","NOTIFY * HTTP/1.1 ","","","","","NOTIFY"
"265","1255.864606","127.0.0.1","239.255.255.250","SSDP","525","NOTIFY * HTTP/1.1 ","","","","","NOTIFY"
"266","1255.864606","127.0.0.1","239.255.255.250","SSDP","525","NOTIFY * HTTP/1.1 ","","","","","NOTIFY"
"267","1255.864606","127.0.0.1","239.255.255.250","SSDP","511","NOTIFY * HTTP/1.1 ","","","","","NOTIFY"
"268","1255.864606","127.0.0.1","239.255.255.250","SSDP","511","NOTIFY * HTTP/1.1 ","","","","","NOTIFY"
"269","1255.864606","127.0.0.1","239.255.255.250","SSDP","523","NOTIFY * HTTP/1.1 ","","","","","NOTIFY"
"270","1255.864606","127.0.0.1","239.255.255.250","SSDP","523","NOTIFY * HTTP/1.1 ","","","","","NOTIFY"
"271","1255.864606","127.0.0.1","239.255.255.250","SSDP","459","NOTIFY * HTTP/1.1 ","","","","","NOTIFY"
"272","1255.864606","127.0.0.1","239.255.255.250","SSDP","459","NOTIFY * HTTP/1.1 ","","","","","NOTIFY"
"273","1258.859811","0.0.0.0","255.255.255.255","DHCP","328","DHCP Discover - Transaction ID 0xc426ce74","","","","",""
"274","1258.875411","127.0.0.1","239.255.255.250","SSDP","539","NOTIFY * HTTP/1.1 ","","","","","NOTIFY"
"275","1258.875411","127.0.0.1","239.255.255.250","SSDP","539","NOTIFY * HTTP/1.1 ","","","","","NOTIFY"
"276","1258.875411","127.0.0.1","239.255.255.250","SSDP","523","NOTIFY * HTTP/1.1 ","","","","","NOTIFY"
"277","1258.875411","127.0.0.1","239.255.255.250","SSDP","523","NOTIFY * HTTP/1.1 ","","","","","NOTIFY"
"278","1258.875411","127.0.0.1","239.255.255.250","SSDP","511","NOTIFY * HTTP/1.1 ","","","","","NOTIFY"
"279","1258.875411","127.0.0.1","239.255.255.250","SSDP","511","NOTIFY * HTTP/1.1 ","","","","","NOTIFY"
"280","1258.875411","127.0.0.1","239.255.255.250","SSDP","459","NOTIFY * HTTP/1.1 ","","","","","NOTIFY"
"281","1258.875411","127.0.0.1","239.255.255.250","SSDP","459","NOTIFY * HTTP/1.1 ","","","","","NOTIFY"
"282","1258.875411","127.0.0.1","239.255.255.250","SSDP","525","NOTIFY * HTTP/1.1 ","","","","","NOTIFY"
"283","1258.875411","127.0.0.1","239.255.255.250","SSDP","525","NOTIFY * HTTP/1.1 ","","","","","NOTIFY"
"284","1258.875411","127.0.0.1","239.255.255.250","SSDP","468","NOTIFY * HTTP/1.1 ","","","","","NOTIFY"
"285","1258.875411","127.0.0.1","239.255.255.250","SSDP","468","NOTIFY * HTTP/1.1 ","","","","","NOTIFY"
"286","1266.862625","0.0.0.0","255.255.255.255","DHCP","328","DHCP Discover - Transaction ID 0xc426ce74","","","","",""
"287","1281.869851","0.0.0.0","255.255.255.255","DHCP","328","DHCP Discover - Transaction ID 0xc426ce74","","","","",""
"288","1314.879509","0.0.0.0","255.255.255.255","DHCP","328","DHCP Discover - Transaction ID 0xd0f3ce9b","","","","",""
"289","1315.160310","127.0.0.1","239.255.255.250","SSDP","161","M-SEARCH * HTTP/1.1 ","","","","","M-SEARCH"
"290","1315.160310","127.0.0.1","239.255.255.250","SSDP","161","M-SEARCH * HTTP/1.1 ","","","","","M-SEARCH"
"291","1318.171115","127.0.0.1","239.255.255.250","SSDP","161","M-SEARCH * HTTP/1.1 ","","","","","M-SEARCH"
"292","1318.171115","127.0.0.1","239.255.255.250","SSDP","161","M-SEARCH * HTTP/1.1 ","","","","","M-SEARCH"
"293","1318.888716","0.0.0.0","255.255.255.255","DHCP","328","DHCP Discover - Transaction ID 0xd0f3ce9b","","","","",""
"294","1321.181921","127.0.0.1","239.255.255.250","SSDP","161","M-SEARCH * HTTP/1.1 ","","","","","M-SEARCH"
"295","1321.181921","127.0.0.1","239.255.255.250","SSDP","161","M-SEARCH * HTTP/1.1 ","","","","","M-SEARCH"
"296","1324.208326","127.0.0.1","239.255.255.250","SSDP","161","M-SEARCH * HTTP/1.1 ","","","","","M-SEARCH"
"297","1324.208326","127.0.0.1","239.255.255.250","SSDP","161","M-SEARCH * HTTP/1.1 ","","","","","M-SEARCH"
"298","1327.219131","127.0.0.1","239.255.255.250","SSDP","161","M-SEARCH * HTTP/1.1 ","","","","","M-SEARCH"
"299","1327.219131","127.0.0.1","239.255.255.250","SSDP","161","M-SEARCH * HTTP/1.1 ","","","","","M-SEARCH"
"300","1327.889932","0.0.0.0","255.255.255.255","DHCP","328","DHCP Discover - Transaction ID 0xd0f3ce9b","","","","",""
"301","1330.229936","127.0.0.1","239.255.255.250","SSDP","161","M-SEARCH * HTTP/1.1 ","","","","","M-SEARCH"
"302","1330.229936","127.0.0.1","239.255.255.250","SSDP","161","M-SEARCH * HTTP/1.1 ","","","","","M-SEARCH"
"303","1342.897159","0.0.0.0","255.255.255.255","DHCP","328","DHCP Discover - Transaction ID 0xd0f3ce9b","","","","",""
"304","1375.189215","127.0.0.1","239.255.255.250","SSDP","161","M-SEARCH * HTTP/1.1 ","","","","","M-SEARCH"
"305","1375.189215","127.0.0.1","239.255.255.250","SSDP","161","M-SEARCH * HTTP/1.1 ","","","","","M-SEARCH"
"306","1378.200021","127.0.0.1","239.255.255.250","SSDP","161","M-SEARCH * HTTP/1.1 ","","","","","M-SEARCH"
"307","1378.200021","127.0.0.1","239.255.255.250","SSDP","161","M-SEARCH * HTTP/1.1 ","","","","","M-SEARCH"
"308","1381.210826","127.0.0.1","239.255.255.250","SSDP","161","M-SEARCH * HTTP/1.1 ","","","","","M-SEARCH"
"309","1381.210826","127.0.0.1","239.255.255.250","SSDP","161","M-SEARCH * HTTP/1.1 ","","","","","M-SEARCH"
"310","1384.237231","127.0.0.1","239.255.255.250","SSDP","161","M-SEARCH * HTTP/1.1 ","","","","","M-SEARCH"
"311","1384.237231","127.0.0.1","239.255.255.250","SSDP","161","M-SEARCH * HTTP/1.1 ","","","","","M-SEARCH"
"312","1387.248037","127.0.0.1","239.255.255.250","SSDP","161","M-SEARCH * HTTP/1.1 ","","","","","M-SEARCH"
"313","1387.248037","127.0.0.1","239.255.255.250","SSDP","161","M-SEARCH * HTTP/1.1 ","","","","","M-SEARCH"
"314","1390.258842","127.0.0.1","239.255.255.250","SSDP","161","M-SEARCH * HTTP/1.1 ","","","","","M-SEARCH"
"315","1390.258842","127.0.0.1","239.255.255.250","SSDP","161","M-SEARCH * HTTP/1.1 ","","","","","M-SEARCH"
"316","1517.742266","127.0.0.1","239.255.255.250","SSDP","125","M-SEARCH * HTTP/1.1 ","","","","","M-SEARCH"
"317","1517.742266","127.0.0.1","239.255.255.250","SSDP","125","M-SEARCH * HTTP/1.1 ","","","","","M-SEARCH"
"318","1517.757866","127.0.0.1","239.255.255.250","UDP","652","57905  >  3702 Len=624","","","","",""
"319","1517.757866","127.0.0.1","239.255.255.250","UDP","652","57905  >  3702 Len=624","","","","",""
"320","1517.773466","127.0.0.1","239.255.255.250","SSDP","157","M-SEARCH * HTTP/1.1 ","","","","","M-SEARCH"
"321","1517.773466","127.0.0.1","239.255.255.250","SSDP","157","M-SEARCH * HTTP/1.1 ","","","","","M-SEARCH"
"322","1517.882666","127.0.0.1","239.255.255.250","UDP","652","57905  >  3702 Len=624","","","","",""
"323","1517.882666","127.0.0.1","239.255.255.250","UDP","652","57905  >  3702 Len=624","","","","",""
"324","1518.054266","127.0.0.1","127.0.0.1","SSDP","420","HTTP/1.1 200 OK ","","","","",""
"325","1518.054266","127.0.0.1","127.0.0.1","TCP","52","49902  >  2869 [SYN] Seq=0 Win=8192 Len=0 MSS=65495 WS=256 SACK_PERM=1","0","49902","2869","0x002",""
"326","1518.054266","127.0.0.1","127.0.0.1","TCP","52","2869  >  49902 [SYN, ACK] Seq=0 Ack=1 Win=8192 Len=0 MSS=65495 WS=256 SACK_PERM=1","0","2869","49902","0x012",""
"327","1518.054266","127.0.0.1","127.0.0.1","TCP","40","49902  >  2869 [ACK] Seq=1 Ack=1 Win=8192 Len=0","0","49902","2869","0x010",""
"328","1518.054266","127.0.0.1","127.0.0.1","HTTP","273","GET /upnphost/udhisapi.dll?content=uuid:6c36724b-3939-4997-aeae-d10c8f681de2 HTTP/1.1 ","233","49902","2869","0x018","GET"
"329","1518.054266","127.0.0.1","127.0.0.1","TCP","40","2869  >  49902 [ACK] Seq=1 Ack=234 Win=7936 Len=0","0","2869","49902","0x010",""
"330","1518.054266","127.0.0.1","127.0.0.1","TCP","245","2869  >  49902 [PSH, ACK] Seq=1 Ack=234 Win=7936 Len=205 [TCP segment of a reassembled PDU]","205","2869","49902","0x018",""
"331","1518.054266","127.0.0.1","127.0.0.1","TCP","40","49902  >  2869 [ACK] Seq=234 Ack=206 Win=7936 Len=0","0","49902","2869","0x010",""
"332","1518.054266","127.0.0.1","127.0.0.1","TCP","1500","2869  >  49902 [ACK] Seq=206 Ack=234 Win=7936 Len=1460 [TCP segment of a reassembled PDU]","1460","2869","49902","0x010",""
"333","1518.054266","127.0.0.1","127.0.0.1","TCP","1500","2869  >  49902 [ACK] Seq=1666 Ack=234 Win=7936 Len=1460 [TCP segment of a reassembled PDU]","1460","2869","49902","0x010",""
"334","1518.054266","127.0.0.1","127.0.0.1","TCP","40","49902  >  2869 [ACK] Seq=234 Ack=3126 Win=8192 Len=0","0","49902","2869","0x010",""
"335","1518.054266","127.0.0.1","127.0.0.1","TCP","1500","2869  >  49902 [ACK] Seq=3126 Ack=234 Win=7936 Len=1460 [TCP segment of a reassembled PDU]","1460","2869","49902","0x010",""
"336","1518.054266","127.0.0.1","127.0.0.1","HTTP/XML","1476","HTTP/1.1 200 OK ","1436","2869","49902","0x018",""
"337","1518.054266","127.0.0.1","127.0.0.1","TCP","40","49902  >  2869 [ACK] Seq=234 Ack=6022 Win=8192 Len=0","0","49902","2869","0x010",""
"338","1519.395869","127.0.0.1","127.0.0.1","UDP","1253","3702  >  57905 Len=1225","","","","",""
"339","1519.442669","127.0.0.1","127.0.0.1","TCP","52","49905  >  5357 [SYN] Seq=0 Win=8192 Len=0 MSS=65495 WS=256 SACK_PERM=1","0","49905","5357","0x002",""
"340","1519.442669","127.0.0.1","127.0.0.1","TCP","52","5357  >  49905 [SYN, ACK] Seq=0 Ack=1 Win=8192 Len=0 MSS=65495 WS=256 SACK_PERM=1","0","5357","49905","0x012",""
"341","1519.442669","127.0.0.1","127.0.0.1","TCP","40","49905  >  5357 [ACK] Seq=1 Ack=1 Win=8192 Len=0","0","49905","5357","0x010",""
"342","1519.442669","127.0.0.1","127.0.0.1","TCP","257","49905  >  5357 [PSH, ACK] Seq=1 Ack=1 Win=8192 Len=217 [TCP segment of a reassembled PDU]","217","49905","5357","0x018",""
"343","1519.442669","127.0.0.1","127.0.0.1","TCP","40","5357  >  49905 [ACK] Seq=1 Ack=218 Win=7936 Len=0","0","5357","49905","0x010",""
"344","1519.442669","127.0.0.1","127.0.0.1","HTTP/XML","773","POST /9e9c0284-df71-42e7-9a5b-07aeb0ed6206/ HTTP/1.1 ","733","49905","5357","0x018","POST"
"345","1519.442669","127.0.0.1","127.0.0.1","TCP","40","5357  >  49905 [ACK] Seq=1 Ack=951 Win=7168 Len=0","0","5357","49905","0x010",""
"346","1519.442669","127.0.0.1","127.0.0.1","TCP","1500","5357  >  49905 [ACK] Seq=1 Ack=951 Win=7168 Len=1460 [TCP segment of a reassembled PDU]","1460","5357","49905","0x010",""
"347","1519.442669","127.0.0.1","127.0.0.1","TCP","1500","5357  >  49905 [ACK] Seq=1461 Ack=951 Win=7168 Len=1460 [TCP segment of a reassembled PDU]","1460","5357","49905","0x010",""
"348","1519.442669","127.0.0.1","127.0.0.1","TCP","40","49905  >  5357 [ACK] Seq=951 Ack=2921 Win=8192 Len=0","0","49905","5357","0x010",""
"349","1519.442669","127.0.0.1","127.0.0.1","TCP","1500","5357  >  49905 [ACK] Seq=2921 Ack=951 Win=7168 Len=1460 [TCP segment of a reassembled PDU]","1460","5357","49905","0x010",""
"350","1519.442669","127.0.0.1","127.0.0.1","HTTP/XML","1109","HTTP/1.1 200  ","1069","5357","49905","0x019",""
"351","1519.442669","127.0.0.1","127.0.0.1","TCP","40","49905  >  5357 [ACK] Seq=951 Ack=5451 Win=8192 Len=0","0","49905","5357","0x010",""
"352","1519.442669","127.0.0.1","127.0.0.1","TCP","40","49905  >  5357 [FIN, ACK] Seq=951 Ack=5451 Win=8192 Len=0","0","49905","5357","0x011",""
"353","1519.442669","127.0.0.1","127.0.0.1","TCP","40","5357  >  49905 [ACK] Seq=5451 Ack=952 Win=7168 Len=0","0","5357","49905","0x010",""
"354","1519.583069","127.0.0.1","127.0.0.1","UDP","1253","3702  >  57905 Len=1225","","","","",""
"355","1520.757072","127.0.0.1","239.255.255.250","SSDP","125","M-SEARCH * HTTP/1.1 ","","","","","M-SEARCH"
"356","1520.757072","127.0.0.1","239.255.255.250","SSDP","125","M-SEARCH * HTTP/1.1 ","","","","","M-SEARCH"
"357","1520.788272","127.0.0.1","239.255.255.250","SSDP","157","M-SEARCH * HTTP/1.1 ","","","","","M-SEARCH"
"358","1520.788272","127.0.0.1","239.255.255.250","SSDP","157","M-SEARCH * HTTP/1.1 ","","","","","M-SEARCH"
"359","1522.967878","127.0.0.1","127.0.0.1","SSDP","420","HTTP/1.1 200 OK ","","","","",""
"360","1523.763479","127.0.0.1","239.255.255.250","SSDP","125","M-SEARCH * HTTP/1.1 ","","","","","M-SEARCH"
"361","1523.763479","127.0.0.1","239.255.255.250","SSDP","125","M-SEARCH * HTTP/1.1 ","","","","","M-SEARCH"
"362","1523.794679","127.0.0.1","239.255.255.250","SSDP","157","M-SEARCH * HTTP/1.1 ","","","","","M-SEARCH"
"363","1523.794679","127.0.0.1","239.255.255.250","SSDP","157","M-SEARCH * HTTP/1.1 ","","","","","M-SEARCH"
"364","1525.779483","127.0.0.1","127.0.0.1","SSDP","420","HTTP/1.1 200 OK ","","","","",""
"365","1582.869585","192.168.1.25","255.255.255.255","DHCP","328","DHCP Inform   - Transaction ID 0xfcfc2a84","","","","",""
"366","1585.880390","192.168.1.25","255.255.255.255","DHCP","328","DHCP Inform   - Transaction ID 0xfcfc2a84","","","","",""
"367","1600.232415","127.0.0.1","127.0.0.1","TCP","40","49902  >  2869 [RST, ACK] Seq=234 Ack=6022 Win=0 Len=0","0","49902","2869","0x014",""
"368","1675.923748","0.0.0.0","255.255.255.255","DHCP","328","DHCP Discover - Transaction ID 0xb8a64ae4","","","","",""
"369","1680.931357","0.0.0.0","255.255.255.255","DHCP","328","DHCP Discover - Transaction ID 0xb8a64ae4","","","","",""
"370","1689.932573","0.0.0.0","255.255.255.255","DHCP","328","DHCP Discover - Transaction ID 0xb8a64ae4","","","","",""
"371","1696.890185","127.0.0.1","239.255.255.250","SSDP","539","NOTIFY * HTTP/1.1 ","","","","","NOTIFY"
"372","1696.890185","127.0.0.1","239.255.255.250","SSDP","539","NOTIFY * HTTP/1.1 ","","","","","NOTIFY"
"373","1696.890185","127.0.0.1","239.255.255.250","SSDP","468","NOTIFY * HTTP/1.1 ","","","","","NOTIFY"
"374","1696.890185","127.0.0.1","239.255.255.250","SSDP","468","NOTIFY * HTTP/1.1 ","","","","","NOTIFY"
"375","1696.890185","127.0.0.1","239.255.255.250","SSDP","525","NOTIFY * HTTP/1.1 ","","","","","NOTIFY"
"376","1696.890185","127.0.0.1","239.255.255.250","SSDP","525","NOTIFY * HTTP/1.1 ","","","","","NOTIFY"
"377","1696.890185","127.0.0.1","239.255.255.250","SSDP","459","NOTIFY * HTTP/1.1 ","","","","","NOTIFY"
"378","1696.890185","127.0.0.1","239.255.255.250","SSDP","459","NOTIFY * HTTP/1.1 ","","","","","NOTIFY"
"379","1696.890185","127.0.0.1","239.255.255.250","SSDP","511","NOTIFY * HTTP/1.1 ","","","","","NOTIFY"
"380","1696.890185","127.0.0.1","239.255.255.250","SSDP","511","NOTIFY * HTTP/1.1 ","","","","","NOTIFY"
"381","1696.890185","127.0.0.1","239.255.255.250","SSDP","523","NOTIFY * HTTP/1.1 ","","","","","NOTIFY"
"382","1696.890185","127.0.0.1","239.255.255.250","SSDP","523","NOTIFY * HTTP/1.1 ","","","","","NOTIFY"
"383","1699.900991","127.0.0.1","239.255.255.250","SSDP","523","NOTIFY * HTTP/1.1 ","","","","","NOTIFY"
"384","1699.900991","127.0.0.1","239.255.255.250","SSDP","523","NOTIFY * HTTP/1.1 ","","","","","NOTIFY"
"385","1699.900991","127.0.0.1","239.255.255.250","SSDP","525","NOTIFY * HTTP/1.1 ","","","","","NOTIFY"
"386","1699.900991","127.0.0.1","239.255.255.250","SSDP","525","NOTIFY * HTTP/1.1 ","","","","","NOTIFY"
"387","1699.900991","127.0.0.1","239.255.255.250","SSDP","511","NOTIFY * HTTP/1.1 ","","","","","NOTIFY"
"388","1699.900991","127.0.0.1","239.255.255.250","SSDP","511","NOTIFY * HTTP/1.1 ","","","","","NOTIFY"
"389","1699.900991","127.0.0.1","239.255.255.250","SSDP","459","NOTIFY * HTTP/1.1 ","","","","","NOTIFY"
"390","1699.900991","127.0.0.1","239.255.255.250","SSDP","459","NOTIFY * HTTP/1.1 ","","","","","NOTIFY"
"391","1699.900991","127.0.0.1","239.255.255.250","SSDP","468","NOTIFY * HTTP/1.1 ","","","","","NOTIFY"
"392","1699.900991","127.0.0.1","239.255.255.250","SSDP","468","NOTIFY * HTTP/1.1 ","","","","","NOTIFY"
"393","1699.900991","127.0.0.1","239.255.255.250","SSDP","539","NOTIFY * HTTP/1.1 ","","","","","NOTIFY"
"394","1699.900991","127.0.0.1","239.255.255.250","SSDP","539","NOTIFY * HTTP/1.1 ","","","","","NOTIFY"
"395","1702.911796","127.0.0.1","239.255.255.250","SSDP","459","NOTIFY * HTTP/1.1 ","","","","","NOTIFY"
"396","1702.911796","127.0.0.1","239.255.255.250","SSDP","459","NOTIFY * HTTP/1.1 ","","","","","NOTIFY"
"397","1702.911796","127.0.0.1","239.255.255.250","SSDP","539","NOTIFY * HTTP/1.1 ","","","","","NOTIFY"
"398","1702.911796","127.0.0.1","239.255.255.250","SSDP","539","NOTIFY * HTTP/1.1 ","","","","","NOTIFY"
"399","1702.911796","127.0.0.1","239.255.255.250","SSDP","468","NOTIFY * HTTP/1.1 ","","","","","NOTIFY"
"400","1702.911796","127.0.0.1","239.255.255.250","SSDP","468","NOTIFY * HTTP/1.1 ","","","","","NOTIFY"
"401","1702.911796","127.0.0.1","239.255.255.250","SSDP","511","NOTIFY * HTTP/1.1 ","","","","","NOTIFY"
"402","1702.911796","127.0.0.1","239.255.255.250","SSDP","511","NOTIFY * HTTP/1.1 ","","","","","NOTIFY"
"403","1702.911796","127.0.0.1","239.255.255.250","SSDP","525","NOTIFY * HTTP/1.1 ","","","","","NOTIFY"
"404","1702.911796","127.0.0.1","239.255.255.250","SSDP","525","NOTIFY * HTTP/1.1 ","","","","","NOTIFY"
"405","1702.911796","127.0.0.1","239.255.255.250","SSDP","523","NOTIFY * HTTP/1.1 ","","","","","NOTIFY"
"406","1702.911796","127.0.0.1","239.255.255.250","SSDP","523","NOTIFY * HTTP/1.1 ","","","","","NOTIFY"
"407","1704.939799","0.0.0.0","255.255.255.255","DHCP","328","DHCP Discover - Transaction ID 0xb8a64ae4","","","","",""
"408","1736.951056","0.0.0.0","255.255.255.255","DHCP","328","DHCP Discover - Transaction ID 0xeb81445d","","","","",""
"409","1737.231856","127.0.0.1","239.255.255.250","SSDP","161","M-SEARCH * HTTP/1.1 ","","","","","M-SEARCH"
"410","1737.231856","127.0.0.1","239.255.255.250","SSDP","161","M-SEARCH * HTTP/1.1 ","","","","","M-SEARCH"
"411","1740.242661","127.0.0.1","239.255.255.250","SSDP","161","M-SEARCH * HTTP/1.1 ","","","","","M-SEARCH"
"412","1740.242661","127.0.0.1","239.255.255.250","SSDP","161","M-SEARCH * HTTP/1.1 ","","","","","M-SEARCH"
"413","1740.960263","0.0.0.0","255.255.255.255","DHCP","328","DHCP Discover - Transaction ID 0xeb81445d","","","","",""
"414","1743.253467","127.0.0.1","239.255.255.250","SSDP","161","M-SEARCH * HTTP/1.1 ","","","","","M-SEARCH"
"415","1743.253467","127.0.0.1","239.255.255.250","SSDP","161","M-SEARCH * HTTP/1.1 ","","","","","M-SEARCH"
"416","1746.279872","127.0.0.1","239.255.255.250","SSDP","161","M-SEARCH * HTTP/1.1 ","","","","","M-SEARCH"
"417","1746.279872","127.0.0.1","239.255.255.250","SSDP","161","M-SEARCH * HTTP/1.1 ","","","","","M-SEARCH"
"418","1748.963077","0.0.0.0","255.255.255.255","DHCP","328","DHCP Discover - Transaction ID 0xeb81445d","","","","",""
"419","1749.290677","127.0.0.1","239.255.255.250","SSDP","161","M-SEARCH * HTTP/1.1 ","","","","","M-SEARCH"
"420","1749.290677","127.0.0.1","239.255.255.250","SSDP","161","M-SEARCH * HTTP/1.1 ","","","","","M-SEARCH"
"421","1752.301483","127.0.0.1","239.255.255.250","SSDP","161","M-SEARCH * HTTP/1.1 ","","","","","M-SEARCH"
"422","1752.301483","127.0.0.1","239.255.255.250","SSDP","161","M-SEARCH * HTTP/1.1 ","","","","","M-SEARCH"
"423","1764.968705","0.0.0.0","255.255.255.255","DHCP","328","DHCP Discover - Transaction ID 0xeb81445d","","","","",""
"424","1797.260762","127.0.0.1","239.255.255.250","SSDP","161","M-SEARCH * HTTP/1.1 ","","","","","M-SEARCH"
"425","1797.260762","127.0.0.1","239.255.255.250","SSDP","161","M-SEARCH * HTTP/1.1 ","","","","","M-SEARCH"
"426","1800.271567","127.0.0.1","239.255.255.250","SSDP","161","M-SEARCH * HTTP/1.1 ","","","","","M-SEARCH"
"427","1800.271567","127.0.0.1","239.255.255.250","SSDP","161","M-SEARCH * HTTP/1.1 ","","","","","M-SEARCH"
"428","1803.282372","127.0.0.1","239.255.255.250","SSDP","161","M-SEARCH * HTTP/1.1 ","","","","","M-SEARCH"
"429","1803.282372","127.0.0.1","239.255.255.250","SSDP","161","M-SEARCH * HTTP/1.1 ","","","","","M-SEARCH"
"430","1806.308777","127.0.0.1","239.255.255.250","SSDP","161","M-SEARCH * HTTP/1.1 ","","","","","M-SEARCH"
"431","1806.308777","127.0.0.1","239.255.255.250","SSDP","161","M-SEARCH * HTTP/1.1 ","","","","","M-SEARCH"
"432","1809.319583","127.0.0.1","239.255.255.250","SSDP","161","M-SEARCH * HTTP/1.1 ","","","","","M-SEARCH"
"433","1809.319583","127.0.0.1","239.255.255.250","SSDP","161","M-SEARCH * HTTP/1.1 ","","","","","M-SEARCH"
"434","1812.330388","127.0.0.1","239.255.255.250","SSDP","161","M-SEARCH * HTTP/1.1 ","","","","","M-SEARCH"
"435","1812.330388","127.0.0.1","239.255.255.250","SSDP","161","M-SEARCH * HTTP/1.1 ","","","","","M-SEARCH"
"436","2118.980127","0.0.0.0","255.255.255.255","DHCP","328","DHCP Discover - Transaction ID 0x2a49feb4","","","","",""
"437","2123.987735","0.0.0.0","255.255.255.255","DHCP","328","DHCP Discover - Transaction ID 0x2a49feb4","","","","",""
"438","2131.990549","0.0.0.0","255.255.255.255","DHCP","328","DHCP Discover - Transaction ID 0x2a49feb4","","","","",""
"439","2140.913765","127.0.0.1","239.255.255.250","SSDP","539","NOTIFY * HTTP/1.1 ","","","","","NOTIFY"
"440","2140.913765","127.0.0.1","239.255.255.250","SSDP","539","NOTIFY * HTTP/1.1 ","","","","","NOTIFY"
"441","2140.913765","127.0.0.1","239.255.255.250","SSDP","459","NOTIFY * HTTP/1.1 ","","","","","NOTIFY"
"442","2140.913765","127.0.0.1","239.255.255.250","SSDP","459","NOTIFY * HTTP/1.1 ","","","","","NOTIFY"
"443","2140.913765","127.0.0.1","239.255.255.250","SSDP","523","NOTIFY * HTTP/1.1 ","","","","","NOTIFY"
"444","2140.913765","127.0.0.1","239.255.255.250","SSDP","523","NOTIFY * HTTP/1.1 ","","","","","NOTIFY"
"445","2140.913765","127.0.0.1","239.255.255.250","SSDP","525","NOTIFY * HTTP/1.1 ","","","","","NOTIFY"
"446","2140.913765","127.0.0.1","239.255.255.250","SSDP","525","NOTIFY * HTTP/1.1 ","","","","","NOTIFY"
"447","2140.913765","127.0.0.1","239.255.255.250","SSDP","511","NOTIFY * HTTP/1.1 ","","","","","NOTIFY"
"448","2140.913765","127.0.0.1","239.255.255.250","SSDP","511","NOTIFY * HTTP/1.1 ","","","","","NOTIFY"
"449","2140.913765","127.0.0.1","239.255.255.250","SSDP","468","NOTIFY * HTTP/1.1 ","","","","","NOTIFY"
"450","2140.913765","127.0.0.1","239.255.255.250","SSDP","468","NOTIFY * HTTP/1.1 ","","","","","NOTIFY"
"451","2143.924570","127.0.0.1","239.255.255.250","SSDP","468","NOTIFY * HTTP/1.1 ","","","","","NOTIFY"
"452","2143.924570","127.0.0.1","239.255.255.250","SSDP","468","NOTIFY * HTTP/1.1 ","","","","","NOTIFY"
"453","2143.924570","127.0.0.1","239.255.255.250","SSDP","459","NOTIFY * HTTP/1.1 ","","","","","NOTIFY"
"454","2143.924570","127.0.0.1","239.255.255.250","SSDP","459","NOTIFY * HTTP/1.1 ","","","","","NOTIFY"
"455","2143.924570","127.0.0.1","239.255.255.250","SSDP","539","NOTIFY * HTTP/1.1 ","","","","","NOTIFY"
"456","2143.924570","127.0.0.1","239.255.255.250","SSDP","539","NOTIFY * HTTP/1.1 ","","","","","NOTIFY"
"457","2143.924570","127.0.0.1","239.255.255.250","SSDP","525","NOTIFY * HTTP/1.1 ","","","","","NOTIFY"
"458","2143.924570","127.0.0.1","239.255.255.250","SSDP","525","NOTIFY * HTTP/1.1 ","","","","","NOTIFY"
"459","2143.924570","127.0.0.1","239.255.255.250","SSDP","523","NOTIFY * HTTP/1.1 ","","","","","NOTIFY"
"460","2143.924570","127.0.0.1","239.255.255.250","SSDP","523","NOTIFY * HTTP/1.1 ","","","","","NOTIFY"
"461","2143.924570","127.0.0.1","239.255.255.250","SSDP","511","NOTIFY * HTTP/1.1 ","","","","","NOTIFY"
"462","2143.924570","127.0.0.1","239.255.255.250","SSDP","511","NOTIFY * HTTP/1.1 ","","","","","NOTIFY"
"463","2146.935376","127.0.0.1","239.255.255.250","SSDP","511","NOTIFY * HTTP/1.1 ","","","","","NOTIFY"
"464","2146.935376","127.0.0.1","239.255.255.250","SSDP","511","NOTIFY * HTTP/1.1 ","","","","","NOTIFY"
"465","2146.935376","127.0.0.1","239.255.255.250","SSDP","468","NOTIFY * HTTP/1.1 ","","","","","NOTIFY"
"466","2146.935376","127.0.0.1","239.255.255.250","SSDP","468","NOTIFY * HTTP/1.1 ","","","","","NOTIFY"
"467","2146.935376","127.0.0.1","239.255.255.250","SSDP","523","NOTIFY * HTTP/1.1 ","","","","","NOTIFY"
"468","2146.935376","127.0.0.1","239.255.255.250","SSDP","523","NOTIFY * HTTP/1.1 ","","","","","NOTIFY"
"469","2146.935376","127.0.0.1","239.255.255.250","SSDP","539","NOTIFY * HTTP/1.1 ","","","","","NOTIFY"
"470","2146.935376","127.0.0.1","239.255.255.250","SSDP","539","NOTIFY * HTTP/1.1 ","","","","","NOTIFY"
"471","2146.935376","127.0.0.1","239.255.255.250","SSDP","459","NOTIFY * HTTP/1.1 ","","","","","NOTIFY"
"472","2146.935376","127.0.0.1","239.255.255.250","SSDP","459","NOTIFY * HTTP/1.1 ","","","","","NOTIFY"
"473","2146.935376","127.0.0.1","239.255.255.250","SSDP","525","NOTIFY * HTTP/1.1 ","","","","","NOTIFY"
"474","2146.935376","127.0.0.1","239.255.255.250","SSDP","525","NOTIFY * HTTP/1.1 ","","","","","NOTIFY"
"475","2147.996178","0.0.0.0","255.255.255.255","DHCP","328","DHCP Discover - Transaction ID 0x2a49feb4","","","","",""
"476","2181.005836","0.0.0.0","255.255.255.255","DHCP","328","DHCP Discover - Transaction ID 0x98aa5e62","","","","",""
"477","2181.286636","127.0.0.1","239.255.255.250","SSDP","161","M-SEARCH * HTTP/1.1 ","","","","","M-SEARCH"
"478","2181.286636","127.0.0.1","239.255.255.250","SSDP","161","M-SEARCH * HTTP/1.1 ","","","","","M-SEARCH"
"479","2184.297441","127.0.0.1","239.255.255.250","SSDP","161","M-SEARCH * HTTP/1.1 ","","","","","M-SEARCH"
"480","2184.297441","127.0.0.1","239.255.255.250","SSDP","161","M-SEARCH * HTTP/1.1 ","","","","","M-SEARCH"
"481","2186.013444","0.0.0.0","255.255.255.255","DHCP","328","DHCP Discover - Transaction ID 0x98aa5e62","","","","",""
"482","2187.308247","127.0.0.1","239.255.255.250","SSDP","161","M-SEARCH * HTTP/1.1 ","","","","","M-SEARCH"
"483","2187.308247","127.0.0.1","239.255.255.250","SSDP","161","M-SEARCH * HTTP/1.1 ","","","","","M-SEARCH"
"484","2190.334652","127.0.0.1","239.255.255.250","SSDP","161","M-SEARCH * HTTP/1.1 ","","","","","M-SEARCH"
"485","2190.334652","127.0.0.1","239.255.255.250","SSDP","161","M-SEARCH * HTTP/1.1 ","","","","","M-SEARCH"
"486","2193.345457","127.0.0.1","239.255.255.250","SSDP","161","M-SEARCH * HTTP/1.1 ","","","","","M-SEARCH"
"487","2193.345457","127.0.0.1","239.255.255.250","SSDP","161","M-SEARCH * HTTP/1.1 ","","","","","M-SEARCH"
"488","2194.016258","0.0.0.0","255.255.255.255","DHCP","328","DHCP Discover - Transaction ID 0x98aa5e62","","","","",""
"489","2196.356262","127.0.0.1","239.255.255.250","SSDP","161","M-SEARCH * HTTP/1.1 ","","","","","M-SEARCH"
"490","2196.356262","127.0.0.1","239.255.255.250","SSDP","161","M-SEARCH * HTTP/1.1 ","","","","","M-SEARCH"
"491","2210.021886","0.0.0.0","255.255.255.255","DHCP","328","DHCP Discover - Transaction ID 0x98aa5e62","","","","",""
"492","2241.315541","127.0.0.1","239.255.255.250","SSDP","161","M-SEARCH * HTTP/1.1 ","","","","","M-SEARCH"
"493","2241.315541","127.0.0.1","239.255.255.250","SSDP","161","M-SEARCH * HTTP/1.1 ","","","","","M-SEARCH"
"494","2244.326347","127.0.0.1","239.255.255.250","SSDP","161","M-SEARCH * HTTP/1.1 ","","","","","M-SEARCH"
"495","2244.326347","127.0.0.1","239.255.255.250","SSDP","161","M-SEARCH * HTTP/1.1 ","","","","","M-SEARCH"
"496","2247.337152","127.0.0.1","239.255.255.250","SSDP","161","M-SEARCH * HTTP/1.1 ","","","","","M-SEARCH"
"497","2247.337152","127.0.0.1","239.255.255.250","SSDP","161","M-SEARCH * HTTP/1.1 ","","","","","M-SEARCH"
"498","2250.363557","127.0.0.1","239.255.255.250","SSDP","161","M-SEARCH * HTTP/1.1 ","","","","","M-SEARCH"
"499","2250.363557","127.0.0.1","239.255.255.250","SSDP","161","M-SEARCH * HTTP/1.1 ","","","","","M-SEARCH"
"500","2253.374363","127.0.0.1","239.255.255.250","SSDP","161","M-SEARCH * HTTP/1.1 ","","","","","M-SEARCH"
"501","2253.374363","127.0.0.1","239.255.255.250","SSDP","161","M-SEARCH * HTTP/1.1 ","","","","","M-SEARCH"
"502","2256.385168","127.0.0.1","239.255.255.250","SSDP","161","M-SEARCH * HTTP/1.1 ","","","","","M-SEARCH"
"503","2256.385168","127.0.0.1","239.255.255.250","SSDP","161","M-SEARCH * HTTP/1.1 ","","","","","M-SEARCH"
"504","2288.271624","127.0.0.1","127.0.0.1","TCP","52","49967  >  3306 [SYN] Seq=0 Win=8192 Len=0 MSS=65495 WS=256 SACK_PERM=1","0","49967","3306","0x002",""
"505","2288.271624","127.0.0.1","127.0.0.1","TCP","52","3306  >  49967 [SYN, ACK] Seq=0 Ack=1 Win=8192 Len=0 MSS=65495 WS=256 SACK_PERM=1","0","3306","49967","0x012",""
"506","2288.271624","127.0.0.1","127.0.0.1","TCP","40","49967  >  3306 [ACK] Seq=1 Ack=1 Win=8192 Len=0","0","49967","3306","0x010",""
"507","2288.271624","127.0.0.1","127.0.0.1","MySQL","118","Server Greeting proto=10 version=5.6.20","78","3306","49967","0x018",""
"508","2288.271624","127.0.0.1","127.0.0.1","TCP","40","49967  >  3306 [ACK] Seq=1 Ack=79 Win=7936 Len=0","0","49967","3306","0x010",""
"509","2288.271624","127.0.0.1","127.0.0.1","MySQL","127","Login Request user=root","87","49967","3306","0x018",""
"510","2288.271624","127.0.0.1","127.0.0.1","TCP","40","3306  >  49967 [ACK] Seq=79 Ack=88 Win=7936 Len=0","0","3306","49967","0x010",""
"511","2288.271624","127.0.0.1","127.0.0.1","MySQL","88","Auth Switch Request","48","3306","49967","0x018",""
"512","2288.271624","127.0.0.1","127.0.0.1","TCP","40","49967  >  3306 [ACK] Seq=88 Ack=127 Win=7936 Len=0","0","49967","3306","0x010",""
"513","2288.271624","127.0.0.1","127.0.0.1","MySQL","44","Auth Switch Response","4","49967","3306","0x018",""
"514","2288.271624","127.0.0.1","127.0.0.1","TCP","40","3306  >  49967 [ACK] Seq=127 Ack=92 Win=7936 Len=0","0","3306","49967","0x010",""
"515","2288.271624","127.0.0.1","127.0.0.1","MySQL","51","Response OK","11","3306","49967","0x018",""
"516","2288.271624","127.0.0.1","127.0.0.1","TCP","40","49967  >  3306 [ACK] Seq=92 Ack=138 Win=7936 Len=0","0","49967","3306","0x010",""
"517","2288.271624","127.0.0.1","127.0.0.1","MySQL","47","Request Set Option","7","49967","3306","0x018",""
"518","2288.271624","127.0.0.1","127.0.0.1","TCP","40","3306  >  49967 [ACK] Seq=138 Ack=99 Win=7936 Len=0","0","3306","49967","0x010",""
"519","2288.271624","127.0.0.1","127.0.0.1","MySQL","49","Response","9","3306","49967","0x018",""
"520","2288.271624","127.0.0.1","127.0.0.1","TCP","40","49967  >  3306 [ACK] Seq=99 Ack=147 Win=7936 Len=0","0","49967","3306","0x010",""
"521","2288.271624","127.0.0.1","127.0.0.1","MySQL","87","Request Query","47","49967","3306","0x018",""
"522","2288.271624","127.0.0.1","127.0.0.1","TCP","40","3306  >  49967 [ACK] Seq=147 Ack=146 Win=7936 Len=0","0","3306","49967","0x010",""
"523","2288.287224","127.0.0.1","127.0.0.1","MySQL","51","Response OK","11","3306","49967","0x018",""
"524","2288.287224","127.0.0.1","127.0.0.1","TCP","40","49967  >  3306 [ACK] Seq=146 Ack=158 Win=7936 Len=0","0","49967","3306","0x010",""
"525","2288.287224","127.0.0.1","127.0.0.1","MySQL","49","Request Use Database","9","49967","3306","0x018",""
"526","2288.287224","127.0.0.1","127.0.0.1","TCP","40","3306  >  49967 [ACK] Seq=158 Ack=155 Win=7936 Len=0","0","3306","49967","0x010",""
"527","2288.287224","127.0.0.1","127.0.0.1","MySQL","51","Response OK","11","3306","49967","0x018",""
"528","2288.287224","127.0.0.1","127.0.0.1","TCP","40","49967  >  3306 [ACK] Seq=155 Ack=169 Win=7936 Len=0","0","49967","3306","0x010",""
"529","2288.287224","127.0.0.1","127.0.0.1","MySQL","106","Request Query","66","49967","3306","0x018",""
"530","2288.287224","127.0.0.1","127.0.0.1","TCP","40","3306  >  49967 [ACK] Seq=169 Ack=221 Win=7936 Len=0","0","3306","49967","0x010",""
"531","2288.318424","127.0.0.1","127.0.0.1","MySQL","109","Response","69","3306","49967","0x018",""
"532","2288.318424","127.0.0.1","127.0.0.1","TCP","40","49967  >  3306 [ACK] Seq=221 Ack=238 Win=7936 Len=0","0","49967","3306","0x010",""
"533","2288.334024","127.0.0.1","127.0.0.1","MySQL","944","Request Query","904","49967","3306","0x018",""
"534","2288.334024","127.0.0.1","127.0.0.1","TCP","40","3306  >  49967 [ACK] Seq=238 Ack=1125 Win=6912 Len=0","0","3306","49967","0x010",""
"535","2288.334024","127.0.0.1","127.0.0.1","MySQL","51","Response OK","11","3306","49967","0x018",""
"536","2288.334024","127.0.0.1","127.0.0.1","TCP","40","49967  >  3306 [ACK] Seq=1125 Ack=249 Win=7936 Len=0","0","49967","3306","0x010",""
"537","2288.334024","127.0.0.1","127.0.0.1","MySQL","537","Request Query","497","49967","3306","0x018",""
"538","2288.334024","127.0.0.1","127.0.0.1","TCP","40","3306  >  49967 [ACK] Seq=249 Ack=1622 Win=8192 Len=0","0","3306","49967","0x010",""
"539","2288.334024","127.0.0.1","127.0.0.1","MySQL","357","Response","317","3306","49967","0x018",""
"540","2288.334024","127.0.0.1","127.0.0.1","TCP","40","49967  >  3306 [ACK] Seq=1622 Ack=566 Win=7424 Len=0","0","49967","3306","0x010",""
"541","2288.334024","127.0.0.1","127.0.0.1","MySQL","45","Request Quit","5","49967","3306","0x018",""
"542","2288.334024","127.0.0.1","127.0.0.1","TCP","40","3306  >  49967 [ACK] Seq=566 Ack=1627 Win=7936 Len=0","0","3306","49967","0x010",""
"543","2288.334024","127.0.0.1","127.0.0.1","TCP","40","3306  >  49967 [FIN, ACK] Seq=566 Ack=1627 Win=7936 Len=0","0","3306","49967","0x011",""
"544","2288.334024","127.0.0.1","127.0.0.1","TCP","40","49967  >  3306 [FIN, ACK] Seq=1627 Ack=567 Win=7424 Len=0","0","49967","3306","0x011",""
"545","2288.334024","127.0.0.1","127.0.0.1","TCP","40","3306  >  49967 [ACK] Seq=567 Ack=1628 Win=7936 Len=0","0","3306","49967","0x010",""
"546","2324.448087","127.0.0.1","239.255.255.250","SSDP","153","M-SEARCH * HTTP/1.1 ","","","","","M-SEARCH"
"547","2324.448087","127.0.0.1","239.255.255.250","SSDP","153","M-SEARCH * HTTP/1.1 ","","","","","M-SEARCH"
"548","2324.448087","127.0.0.1","239.255.255.250","SSDP","151","M-SEARCH * HTTP/1.1 ","","","","","M-SEARCH"
"549","2324.448087","127.0.0.1","239.255.255.250","SSDP","151","M-SEARCH * HTTP/1.1 ","","","","","M-SEARCH"
"550","2324.463688","127.0.0.1","127.0.0.1","SSDP","472","HTTP/1.1 200 OK ","","","","",""
"551","2324.494888","127.0.0.1","127.0.0.1","TCP","52","49972  >  2869 [SYN] Seq=0 Win=8192 Len=0 MSS=65495 WS=256 SACK_PERM=1","0","49972","2869","0x002",""
"552","2324.494888","127.0.0.1","127.0.0.1","TCP","52","2869  >  49972 [SYN, ACK] Seq=0 Ack=1 Win=8192 Len=0 MSS=65495 WS=256 SACK_PERM=1","0","2869","49972","0x012",""
"553","2324.494888","127.0.0.1","127.0.0.1","TCP","40","49972  >  2869 [ACK] Seq=1 Ack=1 Win=8192 Len=0","0","49972","2869","0x010",""
"554","2324.494888","127.0.0.1","127.0.0.1","HTTP","346","GET /upnphost/udhisapi.dll?content=uuid:6c36724b-3939-4997-aeae-d10c8f681de2 HTTP/1.1 ","306","49972","2869","0x018","GET"
"555","2324.494888","127.0.0.1","127.0.0.1","TCP","40","2869  >  49972 [ACK] Seq=1 Ack=307 Win=7680 Len=0","0","2869","49972","0x010",""
"556","2324.494888","127.0.0.1","127.0.0.1","TCP","264","2869  >  49972 [PSH, ACK] Seq=1 Ack=307 Win=7680 Len=224 [TCP segment of a reassembled PDU]","224","2869","49972","0x018",""
"557","2324.494888","127.0.0.1","127.0.0.1","TCP","40","49972  >  2869 [ACK] Seq=307 Ack=225 Win=7936 Len=0","0","49972","2869","0x010",""
"558","2324.494888","127.0.0.1","127.0.0.1","TCP","1500","2869  >  49972 [ACK] Seq=225 Ack=307 Win=7680 Len=1460 [TCP segment of a reassembled PDU]","1460","2869","49972","0x010",""
"559","2324.494888","127.0.0.1","127.0.0.1","TCP","1500","2869  >  49972 [ACK] Seq=1685 Ack=307 Win=7680 Len=1460 [TCP segment of a reassembled PDU]","1460","2869","49972","0x010",""
"560","2324.494888","127.0.0.1","127.0.0.1","TCP","40","49972  >  2869 [ACK] Seq=307 Ack=3145 Win=8192 Len=0","0","49972","2869","0x010",""
"561","2324.494888","127.0.0.1","127.0.0.1","TCP","1500","2869  >  49972 [ACK] Seq=3145 Ack=307 Win=7680 Len=1460 [TCP segment of a reassembled PDU]","1460","2869","49972","0x010",""
"562","2324.494888","127.0.0.1","127.0.0.1","HTTP/XML","1476","HTTP/1.1 200 OK ","1436","2869","49972","0x019",""
"563","2324.494888","127.0.0.1","127.0.0.1","TCP","40","49972  >  2869 [ACK] Seq=307 Ack=6042 Win=8192 Len=0","0","49972","2869","0x010",""
"564","2324.494888","127.0.0.1","127.0.0.1","TCP","40","49972  >  2869 [FIN, ACK] Seq=307 Ack=6042 Win=8192 Len=0","0","49972","2869","0x011",""
"565","2324.494888","127.0.0.1","127.0.0.1","TCP","40","2869  >  49972 [ACK] Seq=6042 Ack=308 Win=7680 Len=0","0","2869","49972","0x010",""
"566","2324.510488","127.0.0.1","127.0.0.1","TCP","52","49973  >  2869 [SYN] Seq=0 Win=8192 Len=0 MSS=65495 WS=256 SACK_PERM=1","0","49973","2869","0x002",""
"567","2324.510488","127.0.0.1","127.0.0.1","TCP","52","2869  >  49973 [SYN, ACK] Seq=0 Ack=1 Win=8192 Len=0 MSS=65495 WS=256 SACK_PERM=1","0","2869","49973","0x012",""
"568","2324.510488","127.0.0.1","127.0.0.1","TCP","40","49973  >  2869 [ACK] Seq=1 Ack=1 Win=8192 Len=0","0","49973","2869","0x010",""
"569","2324.510488","127.0.0.1","127.0.0.1","HTTP","229","GET /upnphost/udhisapi.dll?content=uuid:1c1efb5e-21a3-4ef7-9388-bda684700be4 HTTP/1.1 ","189","49973","2869","0x018","GET"
"570","2324.510488","127.0.0.1","127.0.0.1","TCP","40","2869  >  49973 [ACK] Seq=1 Ack=190 Win=7936 Len=0","0","2869","49973","0x010",""
"571","2324.510488","127.0.0.1","127.0.0.1","TCP","229","2869  >  49973 [PSH, ACK] Seq=1 Ack=190 Win=7936 Len=189 [TCP segment of a reassembled PDU]","189","2869","49973","0x018",""
"572","2324.510488","127.0.0.1","127.0.0.1","TCP","40","49973  >  2869 [ACK] Seq=190 Ack=190 Win=7936 Len=0","0","49973","2869","0x010",""
"573","2324.510488","127.0.0.1","127.0.0.1","TCP","1500","2869  >  49973 [ACK] Seq=190 Ack=190 Win=7936 Len=1460 [TCP segment of a reassembled PDU]","1460","2869","49973","0x010",""
"574","2324.510488","127.0.0.1","127.0.0.1","TCP","1500","2869  >  49973 [ACK] Seq=1650 Ack=190 Win=7936 Len=1460 [TCP segment of a reassembled PDU]","1460","2869","49973","0x010",""
"575","2324.510488","127.0.0.1","127.0.0.1","TCP","40","49973  >  2869 [ACK] Seq=190 Ack=3110 Win=8192 Len=0","0","49973","2869","0x010",""
"576","2324.510488","127.0.0.1","127.0.0.1","TCP","1500","2869  >  49973 [ACK] Seq=3110 Ack=190 Win=7936 Len=1460 [TCP segment of a reassembled PDU]","1460","2869","49973","0x010",""
"577","2324.510488","127.0.0.1","127.0.0.1","HTTP","1086","HTTP/1.1 200 OK  (PNG)","1046","2869","49973","0x018",""
"578","2324.510488","127.0.0.1","127.0.0.1","TCP","40","49973  >  2869 [ACK] Seq=190 Ack=5616 Win=8192 Len=0","0","49973","2869","0x010",""
"579","2327.458893","127.0.0.1","239.255.255.250","SSDP","151","M-SEARCH * HTTP/1.1 ","","","","","M-SEARCH"
"580","2327.458893","127.0.0.1","239.255.255.250","SSDP","151","M-SEARCH * HTTP/1.1 ","","","","","M-SEARCH"
"581","2327.458893","127.0.0.1","239.255.255.250","SSDP","153","M-SEARCH * HTTP/1.1 ","","","","","M-SEARCH"
"582","2327.458893","127.0.0.1","239.255.255.250","SSDP","153","M-SEARCH * HTTP/1.1 ","","","","","M-SEARCH"
"583","2328.192094","127.0.0.1","127.0.0.1","SSDP","472","HTTP/1.1 200 OK ","","","","",""
"584","2330.469698","127.0.0.1","239.255.255.250","SSDP","153","M-SEARCH * HTTP/1.1 ","","","","","M-SEARCH"
"585","2330.469698","127.0.0.1","239.255.255.250","SSDP","153","M-SEARCH * HTTP/1.1 ","","","","","M-SEARCH"
"586","2330.469698","127.0.0.1","239.255.255.250","SSDP","151","M-SEARCH * HTTP/1.1 ","","","","","M-SEARCH"
"587","2330.469698","127.0.0.1","239.255.255.250","SSDP","151","M-SEARCH * HTTP/1.1 ","","","","","M-SEARCH"
"588","2332.653702","127.0.0.1","127.0.0.1","SSDP","472","HTTP/1.1 200 OK ","","","","",""
"589","2393.493809","127.0.0.1","127.0.0.1","TCP","40","49973  >  2869 [RST, ACK] Seq=190 Ack=5616 Win=0 Len=0","0","49973","2869","0x014",""
